prefix,rows,pair_ok,pair_ok_rate
DT,14,1,0.07142857142857142
LD,79,46,0.5822784810126582
CHLT,3,2,0.6666666666666666
CH,59,53,0.8983050847457628
TD,35,32,0.9142857142857143
NL,38,37,0.9736842105263158
DDT,26,26,1.0
THCB,16,16,1.0
